episode,reward,score,length,epsilon,td_error,timestamp
1,-5.5000,0,31,0.081164,0.523601,2026-05-24T19:42:54.171940
2,-2.6500,0,50,0.080758,0.372374,2026-05-24T19:42:55.902331
3,-2.6500,0,50,0.080354,0.378594,2026-05-24T19:42:57.633512
4,-5.5000,0,31,0.079953,0.520409,2026-05-24T19:42:58.717051
5,-2.6500,0,50,0.079553,0.375582,2026-05-24T19:43:00.443567
6,-2.6500,0,50,0.079155,0.371217,2026-05-24T19:43:02.167632
7,-2.6500,0,50,0.078759,0.375733,2026-05-24T19:43:03.899280
8,-2.6500,0,50,0.078366,0.370332,2026-05-24T19:43:05.631690
9,-2.6500,0,50,0.077974,0.375018,2026-05-24T19:43:07.363318
10,-2.6500,0,50,0.077584,0.371715,2026-05-24T19:43:09.089145
11,-5.5000,0,31,0.077196,0.516016,2026-05-24T19:43:10.169374
12,-2.6500,0,50,0.076810,0.370956,2026-05-24T19:43:11.900511
13,-2.6500,0,50,0.076426,0.371336,2026-05-24T19:43:13.631627
14,-2.6500,0,50,0.076044,0.367946,2026-05-24T19:43:15.359886
15,-2.6500,0,50,0.075664,0.381270,2026-05-24T19:43:17.085506
16,-2.6500,0,50,0.075285,0.376801,2026-05-24T19:43:18.812202
17,-2.6500,0,50,0.074909,0.372209,2026-05-24T19:43:20.542425
18,-2.6500,0,50,0.074534,0.367743,2026-05-24T19:43:22.268889
19,-2.6500,0,50,0.074162,0.368354,2026-05-24T19:43:24.002634
20,-5.5000,0,31,0.073791,0.509588,2026-05-24T19:43:25.086427
21,-2.6500,0,50,0.073422,0.368693,2026-05-24T19:43:26.817015
22,-2.6500,0,50,0.073055,0.365796,2026-05-24T19:43:28.548766
23,-2.6500,0,50,0.072689,0.369874,2026-05-24T19:43:30.278227
24,-2.6500,0,50,0.072326,0.366724,2026-05-24T19:43:32.006824
25,-5.5000,0,31,0.071964,0.506633,2026-05-24T19:43:33.092959
26,-2.6500,0,50,0.071605,0.370038,2026-05-24T19:43:34.819218
27,-5.5000,0,31,0.071247,0.505045,2026-05-24T19:43:35.903365
28,-2.6500,0,50,0.070890,0.364208,2026-05-24T19:43:37.633171
29,-2.6500,0,50,0.070536,0.363991,2026-05-24T19:43:39.362785
30,-2.6500,0,50,0.070183,0.369686,2026-05-24T19:43:41.092738
31,-2.6500,0,50,0.069832,0.367823,2026-05-24T19:43:42.823382
32,-2.3500,0,52,0.069483,0.358611,2026-05-24T19:43:44.625237
33,-2.6500,0,50,0.069136,0.366628,2026-05-24T19:43:46.351634
34,-2.6500,0,50,0.068790,0.366235,2026-05-24T19:43:48.082293
35,-2.6500,0,50,0.068446,0.363211,2026-05-24T19:43:49.810828
36,-2.6500,0,50,0.068104,0.363588,2026-05-24T19:43:52.409065
37,-2.6500,0,50,0.067763,0.363217,2026-05-24T19:43:54.131651
38,-5.5000,0,31,0.067424,0.499167,2026-05-24T19:43:55.218633
39,-2.6500,0,50,0.067087,0.366964,2026-05-24T19:43:56.940259
40,-5.5000,0,31,0.066752,0.497746,2026-05-24T19:43:58.028817
41,-2.6500,0,50,0.066418,0.364929,2026-05-24T19:43:59.758323
42,-2.2000,0,53,0.066086,0.350188,2026-05-24T19:44:01.589872
43,-2.6500,0,50,0.065756,0.363562,2026-05-24T19:44:03.321921
44,-5.5000,0,31,0.065427,0.495342,2026-05-24T19:44:04.408379
45,-2.6500,0,50,0.065100,0.363463,2026-05-24T19:44:06.134726
46,-2.6500,0,50,0.064774,0.359315,2026-05-24T19:44:08.054872
47,-5.5000,0,31,0.064450,0.493855,2026-05-24T19:44:09.247829
48,-2.6500,0,50,0.064128,0.364955,2026-05-24T19:44:11.867255
49,-2.6500,0,50,0.063807,0.364388,2026-05-24T19:44:13.592214
50,-2.6500,0,50,0.063488,0.358465,2026-05-24T19:44:15.326071
51,-2.6500,0,50,0.063171,0.361627,2026-05-24T19:44:17.054098
52,-2.6500,0,50,0.062855,0.363268,2026-05-24T19:44:18.782612
53,-5.5000,0,31,0.062541,0.490469,2026-05-24T19:44:19.869880
54,-2.6500,0,50,0.062228,0.359253,2026-05-24T19:44:21.596966
55,-2.6500,0,50,0.061917,0.357207,2026-05-24T19:44:23.330511
56,-2.2000,0,53,0.061607,0.348188,2026-05-24T19:44:25.157450
57,-2.6500,0,50,0.061299,0.357325,2026-05-24T19:44:26.887993
58,-2.8000,0,49,0.060993,0.362077,2026-05-24T19:44:28.584934
59,-2.6500,0,50,0.060688,0.356784,2026-05-24T19:44:30.313708
60,-5.5000,0,31,0.060384,0.487188,2026-05-24T19:44:31.399252
61,-2.6500,0,50,0.060083,0.358573,2026-05-24T19:44:33.130252
62,-2.6500,0,50,0.059782,0.361745,2026-05-24T19:44:34.855738
63,-2.6500,0,50,0.059483,0.356279,2026-05-24T19:44:36.581689
64,-2.6500,0,50,0.059186,0.354669,2026-05-24T19:44:38.311651
65,-2.6500,0,50,0.058890,0.363223,2026-05-24T19:44:40.043390
66,-2.6500,0,50,0.058595,0.361496,2026-05-24T19:44:41.772493
67,-2.6500,0,50,0.058302,0.359911,2026-05-24T19:44:43.499975
68,-2.6500,0,50,0.058011,0.361902,2026-05-24T19:44:45.230435
69,-2.6500,0,50,0.057721,0.357567,2026-05-24T19:44:46.961243
70,-2.6500,0,50,0.057432,0.359353,2026-05-24T19:44:49.578468
71,-2.6500,0,50,0.057145,0.355614,2026-05-24T19:44:51.305791
72,-1.0000,1,61,0.056859,0.318691,2026-05-24T19:44:53.407259
73,-2.6500,0,50,0.056575,0.353808,2026-05-24T19:44:55.132308
74,-1.9000,0,55,0.056292,0.336700,2026-05-24T19:44:57.036882
75,-2.6500,0,50,0.056011,0.353487,2026-05-24T19:44:58.759698
76,-5.5000,0,31,0.055731,0.480577,2026-05-24T19:44:59.848586
77,-2.6500,0,50,0.055452,0.353129,2026-05-24T19:45:01.583113
78,-2.6500,0,50,0.055175,0.353484,2026-05-24T19:45:03.308007
79,-3.5500,0,44,0.054899,0.381775,2026-05-24T19:45:04.840214
80,-2.6500,0,50,0.054624,0.355472,2026-05-24T19:45:06.567892
81,-5.5000,0,31,0.054351,0.478325,2026-05-24T19:45:07.651964
82,-2.6500,0,50,0.054080,0.352064,2026-05-24T19:45:09.381699
83,-2.6500,0,50,0.053809,0.351728,2026-05-24T19:45:11.112145
84,-2.6500,0,50,0.053540,0.354863,2026-05-24T19:45:12.838878
85,-2.6500,0,50,0.053272,0.351654,2026-05-24T19:45:14.569905
86,-5.5000,0,31,0.053006,0.476190,2026-05-24T19:45:15.653884
87,-2.6500,0,50,0.052741,0.351101,2026-05-24T19:45:17.386185
88,-2.6500,0,50,0.052477,0.352007,2026-05-24T19:45:19.117633
89,-5.5000,0,31,0.052215,0.474895,2026-05-24T19:45:20.202218
90,-2.6500,0,50,0.051954,0.350448,2026-05-24T19:45:21.932552
91,-5.5000,0,31,0.051694,0.473569,2026-05-24T19:45:23.016576
92,-2.6500,0,50,0.051436,0.350135,2026-05-24T19:45:24.742046
93,-2.6500,0,50,0.051178,0.351220,2026-05-24T19:45:26.474262
94,-5.5000,0,31,0.050923,0.472310,2026-05-24T19:45:27.554880
95,-2.6500,0,50,0.050668,0.350618,2026-05-24T19:45:29.282956
96,-2.6500,0,50,0.050415,0.349197,2026-05-24T19:45:31.017956
97,-5.5000,0,31,0.050163,0.471064,2026-05-24T19:45:32.099582
98,-2.6500,0,50,0.049912,0.352398,2026-05-24T19:45:33.830381
99,-2.6500,0,50,0.049662,0.347467,2026-05-24T19:45:35.561674
100,-2.6500,0,50,0.049414,0.353347,2026-05-24T19:45:37.292093
101,-2.6500,0,50,0.049167,0.353209,2026-05-24T19:45:39.020666
102,-2.6500,0,50,0.048921,0.350843,2026-05-24T19:45:40.748726
103,-2.6500,0,50,0.048676,0.350547,2026-05-24T19:45:42.476965
104,-2.6500,0,50,0.048433,0.350381,2026-05-24T19:45:44.199501
105,-2.6500,0,50,0.048191,0.347789,2026-05-24T19:45:45.928886
106,-3.8500,0,42,0.047950,0.386137,2026-05-24T19:45:47.384058
107,-2.6500,0,50,0.047710,0.349131,2026-05-24T19:45:49.109913
108,-2.9500,0,48,0.047472,0.355860,2026-05-24T19:45:50.766292
109,-2.6500,0,50,0.047234,0.349830,2026-05-24T19:45:52.486195
110,-5.5000,0,31,0.046998,0.466566,2026-05-24T19:45:53.572718
111,-2.6500,0,50,0.046763,0.348907,2026-05-24T19:45:55.305610
112,-2.6500,0,50,0.046529,0.344820,2026-05-24T19:45:57.034136
113,-2.6500,0,50,0.046297,0.356866,2026-05-24T19:45:58.764498
114,-2.6500,0,50,0.046065,0.350446,2026-05-24T19:46:00.491700
115,-2.6500,0,50,0.045835,0.346886,2026-05-24T19:46:02.218283
116,-2.6500,0,50,0.045606,0.349920,2026-05-24T19:46:03.942666
117,-2.6500,0,50,0.045378,0.348905,2026-05-24T19:46:05.672398
118,-2.6500,0,50,0.045151,0.346090,2026-05-24T19:46:07.402127
119,-2.6500,0,50,0.044925,0.345842,2026-05-24T19:46:09.127945
120,-5.5000,0,31,0.044700,0.463569,2026-05-24T19:46:10.209584
121,-2.6500,0,50,0.044477,0.347828,2026-05-24T19:46:11.939094
122,-2.6500,0,50,0.044254,0.346987,2026-05-24T19:46:13.664321
123,-5.5000,0,31,0.044033,0.462503,2026-05-24T19:46:14.756793
124,-2.6500,0,50,0.043813,0.346081,2026-05-24T19:46:16.482825
125,-2.6500,0,50,0.043594,0.346332,2026-05-24T19:46:18.214259
126,-3.1000,0,47,0.043376,0.357436,2026-05-24T19:46:19.843332
127,-2.6500,0,50,0.043159,0.345215,2026-05-24T19:46:21.575261
128,-2.6500,0,50,0.042943,0.345213,2026-05-24T19:46:23.307874
129,-2.6500,0,50,0.042729,0.344838,2026-05-24T19:46:25.035983
130,-2.6500,0,50,0.042515,0.346437,2026-05-24T19:46:26.769902
131,-2.6500,0,50,0.042302,0.344201,2026-05-24T19:46:28.496895
132,-2.6500,0,50,0.042091,0.344238,2026-05-24T19:46:30.228779
133,-5.5000,0,31,0.041880,0.459862,2026-05-24T19:46:31.311703
134,-2.6500,0,50,0.041671,0.346503,2026-05-24T19:46:33.036653
135,-4.0000,0,41,0.041463,0.385150,2026-05-24T19:46:34.458106
136,-2.6500,0,50,0.041255,0.347766,2026-05-24T19:46:36.185730
137,-2.6500,0,50,0.041049,0.343912,2026-05-24T19:46:37.917606
138,-2.6500,0,50,0.040844,0.345761,2026-05-24T19:46:39.649068
139,-2.6500,0,50,0.040640,0.344249,2026-05-24T19:46:41.376446
140,-2.6500,0,50,0.040436,0.345771,2026-05-24T19:46:43.102009
141,-2.6500,0,50,0.040234,0.342887,2026-05-24T19:46:44.819032
142,-2.6500,0,50,0.040033,0.344039,2026-05-24T19:46:46.548993
143,-2.6500,0,50,0.039833,0.342709,2026-05-24T19:46:48.272385
144,-5.5000,0,31,0.039634,0.456780,2026-05-24T19:46:49.355933
145,-2.6500,0,50,0.039435,0.342512,2026-05-24T19:46:51.084893
146,-2.6500,0,50,0.039238,0.346010,2026-05-24T19:46:52.804855
147,-5.5000,0,31,0.039042,0.455836,2026-05-24T19:46:53.885674
148,-2.6500,0,50,0.038847,0.342079,2026-05-24T19:46:55.618044
149,-2.6500,0,50,0.038653,0.341891,2026-05-24T19:46:57.345669
150,-5.5000,0,31,0.038459,0.454758,2026-05-24T19:46:58.427766
151,-2.6500,0,50,0.038267,0.341706,2026-05-24T19:47:00.151875
152,-2.6500,0,50,0.038076,0.343564,2026-05-24T19:47:01.881061
153,-2.6500,0,50,0.037885,0.342098,2026-05-24T19:47:03.606815
154,-2.6500,0,50,0.037696,0.342292,2026-05-24T19:47:05.338761
155,-2.6500,0,50,0.037507,0.341157,2026-05-24T19:47:07.066263
156,-5.5000,0,31,0.037320,0.453370,2026-05-24T19:47:08.211991
157,-2.6500,0,50,0.037133,0.340983,2026-05-24T19:47:09.935688
158,-2.6500,0,50,0.036948,0.340811,2026-05-24T19:47:11.671990
159,-2.6500,0,50,0.036763,0.340642,2026-05-24T19:47:13.406428
160,-5.5000,0,31,0.036579,0.452323,2026-05-24T19:47:14.489114
161,-2.6500,0,50,0.036396,0.342031,2026-05-24T19:47:16.221160
162,-2.6500,0,50,0.036214,0.340295,2026-05-24T19:47:17.948761
163,-5.5000,0,31,0.036033,0.451343,2026-05-24T19:47:19.034615
164,-2.6500,0,50,0.035853,0.340134,2026-05-24T19:47:20.763731
165,-2.6500,0,50,0.035674,0.341829,2026-05-24T19:47:22.495638
166,-2.6500,0,50,0.035495,0.340107,2026-05-24T19:47:24.225636
167,-5.5000,0,31,0.035318,0.450455,2026-05-24T19:47:25.309885
168,-2.6500,0,50,0.035141,0.339616,2026-05-24T19:47:27.035839
169,-2.6500,0,50,0.034966,0.341182,2026-05-24T19:47:28.765643
170,-5.5000,0,31,0.034791,0.449537,2026-05-24T19:47:29.850632
171,-2.6500,0,50,0.034617,0.340909,2026-05-24T19:47:31.581919
172,-2.6500,0,50,0.034444,0.339122,2026-05-24T19:47:33.313222
173,-2.6500,0,50,0.034272,0.338978,2026-05-24T19:47:35.045927
174,-4.4500,0,38,0.034100,0.395820,2026-05-24T19:47:36.369705
175,-2.6500,0,50,0.033930,0.339891,2026-05-24T19:47:38.101114
176,-2.6500,0,50,0.033760,0.338697,2026-05-24T19:47:39.832397
177,-5.5000,0,31,0.033591,0.447869,2026-05-24T19:47:40.919254
178,-2.6500,0,50,0.033423,0.340252,2026-05-24T19:47:42.649100
179,-2.6500,0,50,0.033256,0.338408,2026-05-24T19:47:44.381703
180,-2.6500,0,50,0.033090,0.339359,2026-05-24T19:47:46.110492
181,-2.6500,0,50,0.032924,0.340803,2026-05-24T19:47:47.838084
182,-2.6500,0,50,0.032760,0.339252,2026-05-24T19:47:49.564361
183,-5.5000,0,31,0.032596,0.446720,2026-05-24T19:47:50.651174
184,-2.6500,0,50,0.032433,0.343229,2026-05-24T19:47:52.386150
185,-2.6500,0,50,0.032271,0.339340,2026-05-24T19:47:54.114652
186,-5.5000,0,31,0.032109,0.445980,2026-05-24T19:47:55.203664
187,-2.6500,0,50,0.031949,0.337694,2026-05-24T19:47:56.929048
188,-2.6500,0,50,0.031789,0.337571,2026-05-24T19:47:58.659183
189,-2.6500,0,50,0.031630,0.340771,2026-05-24T19:48:00.392265
190,-4.0000,0,41,0.031472,0.376571,2026-05-24T19:48:01.819278
191,-2.6500,0,50,0.031315,0.337943,2026-05-24T19:48:03.549454
192,-3.5500,0,44,0.031158,0.361326,2026-05-24T19:48:05.079267
193,-2.6500,0,50,0.031002,0.338328,2026-05-24T19:48:06.811111
194,-2.6500,0,50,0.030847,0.337039,2026-05-24T19:48:08.540419
195,-5.5000,0,31,0.030693,0.444180,2026-05-24T19:48:09.625775
196,-2.6500,0,50,0.030540,0.334579,2026-05-24T19:48:11.351739
197,-2.6500,0,50,0.030387,0.337723,2026-05-24T19:48:13.082186
198,-2.6500,0,50,0.030235,0.337600,2026-05-24T19:48:14.811621
199,-2.6500,0,50,0.030084,0.346290,2026-05-24T19:48:16.539992
200,-2.6500,0,50,0.029933,0.337326,2026-05-24T19:48:18.268517
201,-2.6500,0,50,0.029784,0.341414,2026-05-24T19:48:19.998848
202,-2.6500,0,50,0.029635,0.337077,2026-05-24T19:48:21.727754
203,-2.6500,0,50,0.029487,0.342799,2026-05-24T19:48:23.458283
204,-2.6500,0,50,0.029339,0.342386,2026-05-24T19:48:25.185988
205,-2.6500,0,50,0.029193,0.341949,2026-05-24T19:48:26.918631
206,-2.6500,0,50,0.029047,0.339207,2026-05-24T19:48:28.645353
207,-2.6500,0,50,0.028901,0.336415,2026-05-24T19:48:30.371645
208,-2.6500,0,50,0.028757,0.336311,2026-05-24T19:48:32.104009
209,-2.6500,0,50,0.028613,0.336209,2026-05-24T19:48:33.831723
210,-2.6500,0,50,0.028470,0.337429,2026-05-24T19:48:35.558324
211,-2.6500,0,50,0.028328,0.336656,2026-05-24T19:48:37.291126
212,-5.5000,0,31,0.028186,0.442084,2026-05-24T19:48:38.376605
213,-2.6500,0,50,0.028045,0.336534,2026-05-24T19:48:40.106947
214,-2.6500,0,50,0.027905,0.335767,2026-05-24T19:48:41.839903
215,-2.6500,0,50,0.027765,0.337494,2026-05-24T19:48:43.565751
216,-5.5000,0,31,0.027626,0.441322,2026-05-24T19:48:44.653316
217,-2.6500,0,50,0.027488,0.335547,2026-05-24T19:48:46.380515
218,-2.6500,0,50,0.027351,0.335456,2026-05-24T19:48:48.109079
219,-2.6500,0,50,0.027214,0.335366,2026-05-24T19:48:49.841672
220,-2.6500,0,50,0.027078,0.335278,2026-05-24T19:48:51.564380
221,-5.5000,0,31,0.026943,0.440431,2026-05-24T19:48:52.647363
222,-2.6500,0,50,0.026808,0.335809,2026-05-24T19:48:54.374702
223,-2.6500,0,50,0.026674,0.335089,2026-05-24T19:48:56.095909
224,-2.6500,0,50,0.026541,0.335005,2026-05-24T19:48:57.826624
225,-2.6500,0,50,0.026408,0.335034,2026-05-24T19:48:59.559422
226,-5.5000,0,31,0.026276,0.439634,2026-05-24T19:49:00.638159
227,-2.6500,0,50,0.026144,0.334824,2026-05-24T19:49:02.369321
228,-2.6500,0,50,0.026014,0.334743,2026-05-24T19:49:04.091169
229,-2.6500,0,50,0.025884,0.334664,2026-05-24T19:49:05.814778
230,-2.6500,0,50,0.025754,0.334586,2026-05-24T19:49:07.538598
231,-5.5000,0,31,0.025625,0.438766,2026-05-24T19:49:08.625138
232,-2.6500,0,50,0.025497,0.337576,2026-05-24T19:49:10.359919
233,-2.6500,0,50,0.025370,0.335856,2026-05-24T19:49:12.087285
234,-2.6500,0,50,0.025243,0.334524,2026-05-24T19:49:13.818213
235,-5.5000,0,31,0.025117,0.438147,2026-05-24T19:49:14.908478
236,-2.6500,0,50,0.024991,0.334206,2026-05-24T19:49:16.637505
237,-2.6500,0,50,0.024866,0.334134,2026-05-24T19:49:18.361949
238,-2.6500,0,50,0.024742,0.336503,2026-05-24T19:49:20.091127
239,-2.6500,0,50,0.024618,0.333963,2026-05-24T19:49:21.823284
240,-5.5000,0,31,0.024495,0.437399,2026-05-24T19:49:22.909530
241,-2.6500,0,50,0.024373,0.335911,2026-05-24T19:49:24.636375
242,-2.6500,0,50,0.024251,0.335774,2026-05-24T19:49:26.362735
243,-2.6500,0,50,0.024130,0.333731,2026-05-24T19:49:28.091641
244,-2.6500,0,50,0.024009,0.333666,2026-05-24T19:49:29.824244
245,-2.6500,0,50,0.023889,0.333603,2026-05-24T19:49:31.553509
246,-5.5000,0,31,0.023769,0.436679,2026-05-24T19:49:32.641429
247,-2.6500,0,50,0.023651,0.333541,2026-05-24T19:49:34.368231
248,-2.6500,0,50,0.023532,0.333480,2026-05-24T19:49:36.096043
249,-2.6500,0,50,0.023415,0.333419,2026-05-24T19:49:37.826078
250,-2.6500,0,50,0.023298,0.337138,2026-05-24T19:49:39.558168
251,-2.6500,0,50,0.023181,0.335196,2026-05-24T19:49:41.289245
252,-2.6500,0,50,0.023065,0.333295,2026-05-24T19:49:43.019378
253,-2.6500,0,50,0.022950,0.333238,2026-05-24T19:49:44.749695
254,-5.5000,0,31,0.022835,0.435803,2026-05-24T19:49:45.831707
255,-2.6500,0,50,0.022721,0.333181,2026-05-24T19:49:47.556913
256,-2.6500,0,50,0.022607,0.335261,2026-05-24T19:49:49.285036
257,-2.6500,0,50,0.022494,0.333037,2026-05-24T19:49:51.016161
258,-2.6500,0,50,0.022382,0.332983,2026-05-24T19:49:52.745478
259,-2.6500,0,50,0.022270,0.332930,2026-05-24T19:49:54.476702
260,-2.6500,0,50,0.022159,0.332878,2026-05-24T19:49:56.202303
261,-2.6500,0,50,0.022048,0.333717,2026-05-24T19:49:57.930656
262,-2.6500,0,50,0.021938,0.332848,2026-05-24T19:49:59.660994
263,-2.6500,0,50,0.021828,0.332797,2026-05-24T19:50:01.387808
264,-5.5000,0,31,0.021719,0.434932,2026-05-24T19:50:02.476950
265,-2.6500,0,50,0.021610,0.332746,2026-05-24T19:50:04.208577
266,-2.6500,0,50,0.021502,0.334540,2026-05-24T19:50:05.935802
267,-2.6500,0,50,0.021395,0.332952,2026-05-24T19:50:07.665578
268,-2.6500,0,50,0.021288,0.332551,2026-05-24T19:50:09.399018
269,-2.6500,0,50,0.021181,0.332505,2026-05-24T19:50:11.128142
270,-5.5000,0,31,0.021075,0.434261,2026-05-24T19:50:12.211700
271,-2.6500,0,50,0.020970,0.332459,2026-05-24T19:50:13.936461
272,-2.6500,0,50,0.020865,0.332413,2026-05-24T19:50:15.664391
273,-2.6500,0,50,0.020761,0.333024,2026-05-24T19:50:17.391912
274,-2.6500,0,50,0.020657,0.333263,2026-05-24T19:50:19.119635
275,-2.6500,0,50,0.020554,0.332249,2026-05-24T19:50:20.846506
276,-2.6500,0,50,0.020451,0.333082,2026-05-24T19:50:22.577233
277,-5.5000,0,31,0.020349,0.433603,2026-05-24T19:50:23.658521
278,-2.6500,0,50,0.020247,0.332149,2026-05-24T19:50:25.389482
279,-2.6500,0,50,0.020146,0.332859,2026-05-24T19:50:27.120433
280,-2.6500,0,50,0.020045,0.332052,2026-05-24T19:50:28.852211
281,-2.6500,0,50,0.019945,0.332013,2026-05-24T19:50:30.580019
282,-2.6500,0,50,0.019845,0.334002,2026-05-24T19:50:32.309343
283,-2.6500,0,50,0.019746,0.331903,2026-05-24T19:50:34.037807
284,-2.6500,0,50,0.019647,0.332543,2026-05-24T19:50:35.770914
285,-2.6500,0,50,0.019549,0.331886,2026-05-24T19:50:37.499093
286,-2.6500,0,50,0.019451,0.334435,2026-05-24T19:50:39.229823
287,-5.5000,0,31,0.019354,0.432942,2026-05-24T19:50:40.317850
288,-2.6500,0,50,0.019257,0.333415,2026-05-24T19:50:42.046586
289,-2.6500,0,50,0.019161,0.331728,2026-05-24T19:50:43.770186
290,-2.6500,0,50,0.019065,0.331694,2026-05-24T19:50:45.506044
291,-2.6500,0,50,0.018970,0.331660,2026-05-24T19:50:47.236579
292,-2.6500,0,50,0.018875,0.331627,2026-05-24T19:50:48.961110
293,-2.6500,0,50,0.018780,0.331594,2026-05-24T19:50:50.695188
294,-5.5000,0,31,0.018686,0.432216,2026-05-24T19:50:51.779022
295,-2.6500,0,50,0.018593,0.331561,2026-05-24T19:50:53.510120
296,-2.6500,0,50,0.018500,0.332124,2026-05-24T19:50:55.234204
297,-2.6500,0,50,0.018408,0.331481,2026-05-24T19:50:56.960615
298,-2.6500,0,50,0.018315,0.331451,2026-05-24T19:50:58.692474
299,-2.6500,0,50,0.018224,0.331420,2026-05-24T19:51:00.421807
300,-2.6500,0,50,0.018133,0.333494,2026-05-24T19:51:02.149083
301,-2.6500,0,50,0.018042,0.331328,2026-05-24T19:51:03.882421
302,-2.6500,0,50,0.017952,0.331300,2026-05-24T19:51:05.617397
303,-5.5000,0,31,0.017862,0.431587,2026-05-24T19:51:06.701176
304,-2.6500,0,50,0.017773,0.334377,2026-05-24T19:51:08.428976
305,-2.6500,0,50,0.017684,0.331211,2026-05-24T19:51:10.158589
306,-2.6500,0,50,0.017596,0.332506,2026-05-24T19:51:11.888937
307,-2.6500,0,50,0.017508,0.331141,2026-05-24T19:51:13.620175
308,-2.6500,0,50,0.017420,0.331115,2026-05-24T19:51:15.344745
309,-2.6500,0,50,0.017333,0.331090,2026-05-24T19:51:17.072704
310,-2.6500,0,50,0.017246,0.331065,2026-05-24T19:51:18.798532
311,-2.6500,0,50,0.017160,0.331041,2026-05-24T19:51:20.529412
312,-2.6500,0,50,0.017074,0.332126,2026-05-24T19:51:22.263047
313,-5.5000,0,31,0.016989,0.431036,2026-05-24T19:51:23.348477
314,-2.6500,0,50,0.016904,0.332404,2026-05-24T19:51:25.079199
315,-2.6500,0,50,0.016819,0.331346,2026-05-24T19:51:26.811744
316,-2.6500,0,50,0.016735,0.330897,2026-05-24T19:51:28.542403
317,-2.6500,0,50,0.016652,0.332348,2026-05-24T19:51:30.269766
318,-2.6500,0,50,0.016568,0.330836,2026-05-24T19:51:31.997394
319,-2.6500,0,50,0.016486,0.330815,2026-05-24T19:51:33.721840
320,-2.6500,0,50,0.016403,0.330794,2026-05-24T19:51:35.451495
321,-2.6500,0,50,0.016321,0.330774,2026-05-24T19:51:37.186047
322,-5.5000,0,31,0.016239,0.430430,2026-05-24T19:51:38.273263
323,-2.6500,0,50,0.016158,0.330754,2026-05-24T19:51:40.002099
324,-2.6500,0,50,0.016078,0.330734,2026-05-24T19:51:41.729186
325,-2.6500,0,50,0.015997,0.330714,2026-05-24T19:51:43.458738
326,-2.6500,0,50,0.015917,0.330695,2026-05-24T19:51:45.190101
327,-2.6500,0,50,0.015838,0.330676,2026-05-24T19:51:46.920568
328,-2.6500,0,50,0.015758,0.330657,2026-05-24T19:51:48.651853
329,-2.6500,0,50,0.015680,0.331504,2026-05-24T19:51:50.378905
330,-2.6500,0,50,0.015601,0.330604,2026-05-24T19:51:52.108762
331,-2.6500,0,50,0.015523,0.330975,2026-05-24T19:51:53.837681
332,-2.6500,0,50,0.015446,0.330552,2026-05-24T19:51:55.570735
333,-2.6500,0,50,0.015368,0.330535,2026-05-24T19:51:57.302860
334,-2.6500,0,50,0.015291,0.330518,2026-05-24T19:51:59.650925
335,-2.6500,0,50,0.015215,0.332108,2026-05-24T19:52:01.381690
336,-5.5000,0,31,0.015139,0.429826,2026-05-24T19:52:02.469051
337,-2.6500,0,50,0.015063,0.330469,2026-05-24T19:52:04.200021
338,-2.6500,0,50,0.014988,0.330453,2026-05-24T19:52:05.926404
339,-2.6500,0,50,0.014913,0.331304,2026-05-24T19:52:07.652780
340,-2.6500,0,50,0.014838,0.331300,2026-05-24T19:52:09.382741
341,-2.6500,0,50,0.014764,0.330374,2026-05-24T19:52:11.111049
342,-2.6500,0,50,0.014690,0.332146,2026-05-24T19:52:12.840943
343,-2.6500,0,50,0.014617,0.330329,2026-05-24T19:52:14.575356
344,-2.6500,0,50,0.014544,0.330316,2026-05-24T19:52:16.304338
345,-2.6500,0,50,0.014471,0.330302,2026-05-24T19:52:18.036291
346,-2.6500,0,50,0.014399,0.330289,2026-05-24T19:52:19.770370
347,-2.6500,0,50,0.014327,0.330276,2026-05-24T19:52:21.502511
348,-2.6500,0,50,0.014255,0.330263,2026-05-24T19:52:23.231321
349,-2.6500,0,50,0.014184,0.330250,2026-05-24T19:52:24.965378
350,-2.6500,0,50,0.014113,0.330238,2026-05-24T19:52:26.692867
351,-5.5000,0,31,0.014042,0.429238,2026-05-24T19:52:27.778472
352,-2.6500,0,50,0.013972,0.330226,2026-05-24T19:52:29.503136
353,-2.6500,0,50,0.013902,0.330214,2026-05-24T19:52:31.234724
354,-2.6500,0,50,0.013833,0.330202,2026-05-24T19:52:32.961646
355,-2.6500,0,50,0.013764,0.330190,2026-05-24T19:52:35.255720
356,-2.6500,0,50,0.013695,0.330178,2026-05-24T19:52:36.984016
357,-2.6500,0,50,0.013626,0.330916,2026-05-24T19:52:38.712865
358,-2.6500,0,50,0.013558,0.330139,2026-05-24T19:52:40.444321
359,-2.6500,0,50,0.013490,0.330128,2026-05-24T19:52:42.169899
360,-2.6500,0,50,0.013423,0.330761,2026-05-24T19:52:44.422477
361,-2.6500,0,50,0.013356,0.331667,2026-05-24T19:52:46.718247
362,-2.6500,0,50,0.013289,0.330064,2026-05-24T19:52:48.449349
363,-2.6500,0,50,0.013223,0.330054,2026-05-24T19:52:50.178382
364,-2.6500,0,50,0.013157,0.333593,2026-05-24T19:52:51.907654
365,-5.5000,0,31,0.013091,0.428806,2026-05-24T19:52:52.992500
366,-2.6500,0,50,0.013025,0.331782,2026-05-24T19:52:54.718174
367,-2.6500,0,50,0.012960,0.329960,2026-05-24T19:52:56.449814
368,-2.6500,0,50,0.012895,0.329951,2026-05-24T19:52:58.181689
369,-2.6500,0,50,0.012831,0.329943,2026-05-24T19:52:59.908467
370,-2.6500,0,50,0.012767,0.329936,2026-05-24T19:53:01.639702
371,-2.6500,0,50,0.012703,0.330731,2026-05-24T19:53:03.367490
372,-2.6500,0,50,0.012639,0.329903,2026-05-24T19:53:05.097419
373,-2.6500,0,50,0.012576,0.331557,2026-05-24T19:53:06.827703
374,-2.6500,0,50,0.012513,0.329872,2026-05-24T19:53:08.558074
375,-2.6500,0,50,0.012451,0.330387,2026-05-24T19:53:10.285295
376,-2.6500,0,50,0.012389,0.329842,2026-05-24T19:53:12.015324
377,-2.6500,0,50,0.012327,0.329835,2026-05-24T19:53:13.738656
378,-2.6500,0,50,0.012265,0.329829,2026-05-24T19:53:15.469571
379,-2.6500,0,50,0.012204,0.330720,2026-05-24T19:53:17.194402
380,-5.5000,0,31,0.012143,0.428331,2026-05-24T19:53:18.276995
381,-2.6500,0,50,0.012082,0.331052,2026-05-24T19:53:20.007658
382,-2.6500,0,50,0.012021,0.329777,2026-05-24T19:53:21.728077
383,-2.6500,0,50,0.011961,0.329772,2026-05-24T19:53:23.458987
384,-2.6500,0,50,0.011902,0.329767,2026-05-24T19:53:25.194094
385,-2.6500,0,50,0.011842,0.330858,2026-05-24T19:53:26.922098
386,-2.6500,0,50,0.011783,0.329739,2026-05-24T19:53:28.650146
387,-2.6500,0,50,0.011724,0.329735,2026-05-24T19:53:30.385484
388,-2.6500,0,50,0.011665,0.330287,2026-05-24T19:53:32.116715
389,-2.6500,0,50,0.011607,0.331578,2026-05-24T19:53:33.842902
390,-2.6500,0,50,0.011549,0.329687,2026-05-24T19:53:35.576407
391,-2.6500,0,50,0.011491,0.329683,2026-05-24T19:53:37.306489
392,-2.6500,0,50,0.011434,0.329679,2026-05-24T19:53:39.039327
393,-2.6500,0,50,0.011377,0.329675,2026-05-24T19:53:40.766280
394,-2.6500,0,50,0.011320,0.329671,2026-05-24T19:53:42.491803
395,-2.6500,0,50,0.011263,0.330208,2026-05-24T19:53:44.225513
396,-2.6500,0,50,0.011207,0.331270,2026-05-24T19:53:45.954479
397,-5.5000,0,31,0.011151,0.427916,2026-05-24T19:53:47.042288
398,-2.6500,0,50,0.011095,0.329626,2026-05-24T19:53:48.777432
399,-2.6500,0,50,0.011040,0.329623,2026-05-24T19:53:50.512736
400,-2.6500,0,50,0.010984,0.330283,2026-05-24T19:53:52.233989
401,-2.6500,0,50,0.010929,0.329600,2026-05-24T19:53:53.958119
402,-2.6500,0,50,0.010875,0.329597,2026-05-24T19:53:55.694891
403,-2.6500,0,50,0.010820,0.329595,2026-05-24T19:53:57.423390
404,-2.6500,0,50,0.010766,0.329592,2026-05-24T19:53:59.153826
405,-2.6500,0,50,0.010712,0.329589,2026-05-24T19:54:00.885002
406,-2.6500,0,50,0.010659,0.329587,2026-05-24T19:54:02.614625
407,-2.6500,0,50,0.010606,0.329584,2026-05-24T19:54:04.343565
408,-2.6500,0,50,0.010553,0.331059,2026-05-24T19:54:06.074193
409,-2.6500,0,50,0.010500,0.331285,2026-05-24T19:54:07.804649
410,-2.6500,0,50,0.010447,0.329543,2026-05-24T19:54:09.535750
411,-2.6500,0,50,0.010395,0.329908,2026-05-24T19:54:11.267030
412,-2.6500,0,50,0.010343,0.331200,2026-05-24T19:54:12.993225
413,-2.6500,0,50,0.010291,0.329487,2026-05-24T19:54:14.723573
414,-2.6500,0,50,0.010240,0.329486,2026-05-24T19:54:16.452800
415,-2.6500,0,50,0.010189,0.329619,2026-05-24T19:54:18.187388
416,-2.6500,0,50,0.010138,0.329467,2026-05-24T19:54:19.912197
417,-2.6500,0,50,0.010087,0.331058,2026-05-24T19:54:21.635606
418,-5.5000,0,31,0.010037,0.427590,2026-05-24T19:54:22.717608
419,-2.6500,0,50,0.010000,0.333280,2026-05-24T19:54:24.446164
420,-2.6500,0,50,0.010000,0.331162,2026-05-24T19:54:26.175395
421,-2.6500,0,50,0.010000,0.330264,2026-05-24T19:54:27.901927
422,-2.6500,0,50,0.010000,0.329331,2026-05-24T19:54:29.633062
423,-2.6500,0,50,0.010000,0.329332,2026-05-24T19:54:31.359937
424,-2.6500,0,50,0.010000,0.329334,2026-05-24T19:54:33.092983
425,-2.6500,0,50,0.010000,0.329335,2026-05-24T19:54:34.828554
426,-2.6500,0,50,0.010000,0.329855,2026-05-24T19:54:36.558928
427,-5.5000,0,31,0.010000,0.427261,2026-05-24T19:54:37.643571
428,-2.6500,0,50,0.010000,0.329320,2026-05-24T19:54:39.370868
429,-2.6500,0,50,0.010000,0.329322,2026-05-24T19:54:41.105674
430,-2.6500,0,50,0.010000,0.331073,2026-05-24T19:54:42.831182
431,-2.6500,0,50,0.010000,0.331407,2026-05-24T19:54:44.561863
432,-2.6500,0,50,0.010000,0.329742,2026-05-24T19:54:46.287107
433,-2.6500,0,50,0.010000,0.329277,2026-05-24T19:54:48.021569
434,-2.6500,0,50,0.010000,0.329279,2026-05-24T19:54:49.748372
435,-2.6500,0,50,0.010000,0.329281,2026-05-24T19:54:51.477027
436,-2.6500,0,50,0.010000,0.329283,2026-05-24T19:54:53.207547
437,-2.6500,0,50,0.010000,0.329285,2026-05-24T19:54:54.939768
438,-2.6500,0,50,0.010000,0.329287,2026-05-24T19:54:56.668872
439,-2.6500,0,50,0.010000,0.329289,2026-05-24T19:54:58.401547
440,-2.6500,0,50,0.010000,0.327250,2026-05-24T19:55:00.130943
441,-2.6500,0,50,0.010000,0.330125,2026-05-24T19:55:01.863975
442,-2.6500,0,50,0.010000,0.330114,2026-05-24T19:55:03.593386
443,-2.6500,0,50,0.010000,0.330104,2026-05-24T19:55:05.327316
444,-2.6500,0,50,0.010000,0.330094,2026-05-24T19:55:07.052982
445,-2.6500,0,50,0.010000,0.330083,2026-05-24T19:55:08.783932
446,-2.6500,0,50,0.010000,0.330073,2026-05-24T19:55:10.516826
447,-2.6500,0,50,0.010000,0.335082,2026-05-24T19:55:12.244899
448,-2.6500,0,50,0.010000,0.330037,2026-05-24T19:55:13.973988
449,-2.6500,0,50,0.010000,0.333433,2026-05-24T19:55:15.701005
450,-2.6500,0,50,0.010000,0.330002,2026-05-24T19:55:17.430569
451,-2.6500,0,50,0.010000,0.334258,2026-05-24T19:55:19.160990
452,-2.6500,0,50,0.010000,0.329968,2026-05-24T19:55:20.882501
453,-2.6500,0,50,0.010000,0.329960,2026-05-24T19:55:22.612503
454,-2.6500,0,50,0.010000,0.329951,2026-05-24T19:55:24.343905
455,-2.6500,0,50,0.010000,0.329943,2026-05-24T19:55:26.075043
456,-2.6500,0,50,0.010000,0.329936,2026-05-24T19:55:27.800491
457,-2.6500,0,50,0.010000,0.329928,2026-05-24T19:55:29.530782
458,-2.6500,0,50,0.010000,0.329920,2026-05-24T19:55:31.261528
459,-2.6500,0,50,0.010000,0.329913,2026-05-24T19:55:32.988792
460,-2.6500,0,50,0.010000,0.329905,2026-05-24T19:55:34.719384
461,-2.6500,0,50,0.010000,0.329898,2026-05-24T19:55:36.443243
462,-2.6500,0,50,0.010000,0.329891,2026-05-24T19:55:38.177986
463,-2.6500,0,50,0.010000,0.329883,2026-05-24T19:55:39.903858
464,-2.6500,0,50,0.010000,0.333337,2026-05-24T19:55:41.632386
465,-2.6500,0,50,0.010000,0.329853,2026-05-24T19:55:43.365909
466,-2.6500,0,50,0.010000,0.333312,2026-05-24T19:55:45.095205
467,-2.6500,0,50,0.010000,0.329823,2026-05-24T19:55:46.826623
468,-2.6500,0,50,0.010000,0.329817,2026-05-24T19:55:48.559259
469,-2.6500,0,50,0.010000,0.329811,2026-05-24T19:55:50.285995
470,-2.6500,0,50,0.010000,0.329805,2026-05-24T19:55:52.017182
471,-2.6500,0,50,0.010000,0.329799,2026-05-24T19:55:53.751596
472,-2.6500,0,50,0.010000,0.329793,2026-05-24T19:55:55.481530
473,-2.6500,0,50,0.010000,0.329788,2026-05-24T19:55:57.205742
474,-2.6500,0,50,0.010000,0.329782,2026-05-24T19:55:58.932637
475,-2.6500,0,50,0.010000,0.332405,2026-05-24T19:56:00.666624
476,-2.6500,0,50,0.010000,0.329754,2026-05-24T19:56:02.394779
477,-2.6500,0,50,0.010000,0.329749,2026-05-24T19:56:04.127805
478,-2.6500,0,50,0.010000,0.333246,2026-05-24T19:56:05.863931
479,-2.6500,0,50,0.010000,0.329723,2026-05-24T19:56:07.591938
480,-2.6500,0,50,0.010000,0.329718,2026-05-24T19:56:09.317031
481,-2.6500,0,50,0.010000,0.329713,2026-05-24T19:56:11.043943
482,-2.6500,0,50,0.010000,0.333602,2026-05-24T19:56:12.771157
483,-2.6500,0,50,0.010000,0.329688,2026-05-24T19:56:14.504062
484,-2.6500,0,50,0.010000,0.329684,2026-05-24T19:56:16.234329
485,-2.6500,0,50,0.010000,0.329680,2026-05-24T19:56:17.966698
486,-2.6500,0,50,0.010000,0.329676,2026-05-24T19:56:19.699270
487,-2.6500,0,50,0.010000,0.329672,2026-05-24T19:56:21.430389
488,-2.6500,0,50,0.010000,0.329668,2026-05-24T19:56:23.158428
489,-2.6500,0,50,0.010000,0.336002,2026-05-24T19:56:24.886538
490,-2.6500,0,50,0.010000,0.332591,2026-05-24T19:56:26.610843
491,-2.6500,0,50,0.010000,0.329607,2026-05-24T19:56:28.342742
492,-2.6500,0,50,0.010000,0.329604,2026-05-24T19:56:30.070373
493,-2.6500,0,50,0.010000,0.331586,2026-05-24T19:56:31.797182
494,-2.6500,0,50,0.010000,0.329581,2026-05-24T19:56:33.526195
495,-2.6500,0,50,0.010000,0.329579,2026-05-24T19:56:35.260166
496,-2.6500,0,50,0.010000,0.329576,2026-05-24T19:56:36.989431
497,-2.6500,0,50,0.010000,0.329574,2026-05-24T19:56:38.720069
498,-2.6500,0,50,0.010000,0.329572,2026-05-24T19:56:40.454647
499,-2.6500,0,50,0.010000,0.331770,2026-05-24T19:56:42.187983
500,-2.6500,0,50,0.010000,0.331258,2026-05-24T19:56:43.914954
501,-2.6500,0,50,0.010000,0.329531,2026-05-24T19:56:45.648415
502,-2.6500,0,50,0.010000,0.329529,2026-05-24T19:56:47.381968
503,-2.6500,0,50,0.010000,0.329528,2026-05-24T19:56:49.114033
504,-2.6500,0,50,0.010000,0.329526,2026-05-24T19:56:50.836844
505,-2.6500,0,50,0.010000,0.329524,2026-05-24T19:56:52.566191
506,-2.6500,0,50,0.010000,0.329523,2026-05-24T19:56:54.296259
507,-2.6500,0,50,0.010000,0.329521,2026-05-24T19:56:56.018866
508,-2.6500,0,50,0.010000,0.329519,2026-05-24T19:56:57.749192
509,-2.6500,0,50,0.010000,0.329518,2026-05-24T19:56:59.481879
510,-2.6500,0,50,0.010000,0.329516,2026-05-24T19:57:01.206536
511,-2.6500,0,50,0.010000,0.329515,2026-05-24T19:57:02.934904
512,-2.6500,0,50,0.010000,0.331363,2026-05-24T19:57:04.663759
513,-2.6500,0,50,0.010000,0.331889,2026-05-24T19:57:06.395110
514,-2.6500,0,50,0.010000,0.329477,2026-05-24T19:57:08.128527
515,-2.6500,0,50,0.010000,0.329476,2026-05-24T19:57:09.856339
516,-2.6500,0,50,0.010000,0.329475,2026-05-24T19:57:11.579733
517,-2.6500,0,50,0.010000,0.329474,2026-05-24T19:57:13.305477
518,-2.6500,0,50,0.010000,0.329473,2026-05-24T19:57:15.040825
519,-2.6500,0,50,0.010000,0.329472,2026-05-24T19:57:16.765789
520,-2.6500,0,50,0.010000,0.329471,2026-05-24T19:57:18.497120
521,-2.6500,0,50,0.010000,0.330993,2026-05-24T19:57:20.226658
522,-2.6500,0,50,0.010000,0.329452,2026-05-24T19:57:21.954716
523,-2.6500,0,50,0.010000,0.329452,2026-05-24T19:57:23.682469
524,-2.6500,0,50,0.010000,0.329451,2026-05-24T19:57:25.414113
525,-2.6500,0,50,0.010000,0.329451,2026-05-24T19:57:27.143784
526,-2.6500,0,50,0.010000,0.329450,2026-05-24T19:57:28.866409
527,-2.6500,0,50,0.010000,0.329450,2026-05-24T19:57:30.594791
528,-2.6500,0,50,0.010000,0.329449,2026-05-24T19:57:32.321481
529,-2.6500,0,50,0.010000,0.329448,2026-05-24T19:57:34.046341
530,-2.6500,0,50,0.010000,0.329448,2026-05-24T19:57:35.776643
531,-2.6500,0,50,0.010000,0.329447,2026-05-24T19:57:37.502194
532,-2.6500,0,50,0.010000,0.329447,2026-05-24T19:57:39.234365
533,-2.6500,0,50,0.010000,0.329446,2026-05-24T19:57:40.964959
534,-2.6500,0,50,0.010000,0.329446,2026-05-24T19:57:42.695963
535,-2.6500,0,50,0.010000,0.329445,2026-05-24T19:57:44.425699
536,-2.6500,0,50,0.010000,0.329445,2026-05-24T19:57:46.157805
537,-2.6500,0,50,0.010000,0.329444,2026-05-24T19:57:47.882963
538,-2.6500,0,50,0.010000,0.329444,2026-05-24T19:57:49.610512
539,-2.6500,0,50,0.010000,0.329443,2026-05-24T19:57:51.336719
540,-2.6500,0,50,0.010000,0.329443,2026-05-24T19:57:53.063998
541,-2.6500,0,50,0.010000,0.329442,2026-05-24T19:57:54.794720
542,-2.6500,0,50,0.010000,0.329442,2026-05-24T19:57:56.524751
543,-2.6500,0,50,0.010000,0.329441,2026-05-24T19:57:58.262693
544,-2.6500,0,50,0.010000,0.329441,2026-05-24T19:57:59.993717
545,-2.6500,0,50,0.010000,0.329440,2026-05-24T19:58:01.900510
546,-2.6500,0,50,0.010000,0.329440,2026-05-24T19:58:04.626348
547,-2.6500,0,50,0.010000,0.329440,2026-05-24T19:58:06.358188
548,-2.6500,0,50,0.010000,0.329439,2026-05-24T19:58:08.098189
549,-2.6500,0,50,0.010000,0.329439,2026-05-24T19:58:09.819809
550,-2.6500,0,50,0.010000,0.329438,2026-05-24T19:58:11.551861
551,-2.6500,0,50,0.010000,0.333138,2026-05-24T19:58:13.279745
552,-2.6500,0,50,0.010000,0.329404,2026-05-24T19:58:15.009332
553,-2.6500,0,50,0.010000,0.329404,2026-05-24T19:58:16.740547
554,-2.6500,0,50,0.010000,0.329404,2026-05-24T19:58:18.470430
555,-2.6500,0,50,0.010000,0.329404,2026-05-24T19:58:20.203080
556,-2.6500,0,50,0.010000,0.330643,2026-05-24T19:58:21.933755
557,-2.6500,0,50,0.010000,0.329388,2026-05-24T19:58:23.663401
558,-2.6500,0,50,0.010000,0.329388,2026-05-24T19:58:25.390798
559,-2.6500,0,50,0.010000,0.329388,2026-05-24T19:58:27.122497
560,-2.6500,0,50,0.010000,0.329389,2026-05-24T19:58:28.857192
561,-2.6500,0,50,0.010000,0.329389,2026-05-24T19:58:30.585560
562,-2.6500,0,50,0.010000,0.329389,2026-05-24T19:58:32.317255
563,-2.6500,0,50,0.010000,0.333495,2026-05-24T19:58:34.046792
564,-2.6500,0,50,0.010000,0.326902,2026-05-24T19:58:35.780682
565,-2.6500,0,50,0.010000,0.330191,2026-05-24T19:58:37.508115
566,-2.6500,0,50,0.010000,0.330179,2026-05-24T19:58:39.234705
567,-2.6500,0,50,0.010000,0.334446,2026-05-24T19:58:40.966280
568,-2.6500,0,50,0.010000,0.334817,2026-05-24T19:58:42.694970
569,-2.6500,0,50,0.010000,0.330112,2026-05-24T19:58:44.423470
570,-2.6500,0,50,0.010000,0.330102,2026-05-24T19:58:46.152586
571,-2.6500,0,50,0.010000,0.330091,2026-05-24T19:58:47.879300
572,-2.6500,0,50,0.010000,0.330081,2026-05-24T19:58:49.612750
573,-2.6500,0,50,0.010000,0.330071,2026-05-24T19:58:51.340729
574,-2.6500,0,50,0.010000,0.335167,2026-05-24T19:58:53.068310
575,-2.6500,0,50,0.010000,0.333545,2026-05-24T19:58:54.793475
576,-2.6500,0,50,0.010000,0.334759,2026-05-24T19:58:56.521259
577,-2.6500,0,50,0.010000,0.334568,2026-05-24T19:58:58.253341
578,-2.6500,0,50,0.010000,0.329958,2026-05-24T19:58:59.979564
579,-2.6500,0,50,0.010000,0.329950,2026-05-24T19:59:01.710496
580,-2.6500,0,50,0.010000,0.329942,2026-05-24T19:59:04.081149
581,-2.6500,0,50,0.010000,0.329934,2026-05-24T19:59:05.811755
582,-2.6500,0,50,0.010000,0.336225,2026-05-24T19:59:07.540898
583,-2.6500,0,50,0.010000,0.329885,2026-05-24T19:59:09.269759
584,-2.6500,0,50,0.010000,0.329878,2026-05-24T19:59:10.999149
585,-2.6500,0,50,0.010000,0.329872,2026-05-24T19:59:12.727394
586,-2.6500,0,50,0.010000,0.333076,2026-05-24T19:59:14.453581
587,-2.6500,0,50,0.010000,0.329841,2026-05-24T19:59:16.700633
588,-2.6500,0,50,0.010000,0.329835,2026-05-24T19:59:18.430979
589,-2.6500,0,50,0.010000,0.329829,2026-05-24T19:59:20.167011
590,-2.6500,0,50,0.010000,0.329822,2026-05-24T19:59:22.534358
591,-2.6500,0,50,0.010000,0.329816,2026-05-24T19:59:24.265537
592,-2.6500,0,50,0.010000,0.329810,2026-05-24T19:59:25.996221
593,-2.6500,0,50,0.010000,0.329804,2026-05-24T19:59:27.727272
594,-2.6500,0,50,0.010000,0.329798,2026-05-24T19:59:29.461798
595,-2.6500,0,50,0.010000,0.329793,2026-05-24T19:59:31.183322
596,-2.6500,0,50,0.010000,0.329787,2026-05-24T19:59:32.913764
597,-2.6500,0,50,0.010000,0.329781,2026-05-24T19:59:34.639040
598,-2.6500,0,50,0.010000,0.329776,2026-05-24T19:59:36.365362
599,-2.6500,0,50,0.010000,0.332863,2026-05-24T19:59:38.092998
600,-2.6500,0,50,0.010000,0.332932,2026-05-24T19:59:39.822393
601,-2.6500,0,50,0.010000,0.332702,2026-05-24T19:59:41.554029
602,-2.6500,0,50,0.010000,0.329705,2026-05-24T19:59:43.286800
603,-2.6500,0,50,0.010000,0.329701,2026-05-24T19:59:45.016481
604,-2.6500,0,50,0.010000,0.329697,2026-05-24T19:59:46.744111
605,-2.6500,0,50,0.010000,0.329692,2026-05-24T19:59:48.478136
606,-2.6500,0,50,0.010000,0.329688,2026-05-24T19:59:50.207942
607,-2.6500,0,50,0.010000,0.335976,2026-05-24T19:59:51.937502
608,-2.6500,0,50,0.010000,0.329646,2026-05-24T19:59:53.670349
609,-2.6500,0,50,0.010000,0.325997,2026-05-24T19:59:55.398280
610,-2.6500,0,50,0.010000,0.337010,2026-05-24T19:59:57.134361
611,-2.6500,0,50,0.010000,0.330443,2026-05-24T19:59:58.862035
612,-2.6500,0,50,0.010000,0.330428,2026-05-24T20:00:00.587513
613,-2.6500,0,50,0.010000,0.330413,2026-05-24T20:00:02.883060
614,-2.6500,0,50,0.010000,0.330398,2026-05-24T20:00:04.606767
615,-2.6500,0,50,0.010000,0.330383,2026-05-24T20:00:06.336471
616,-2.6500,0,50,0.010000,0.330369,2026-05-24T20:00:08.061842
617,-2.6500,0,50,0.010000,0.330355,2026-05-24T20:00:09.794477
618,-2.6500,0,50,0.010000,0.330341,2026-05-24T20:00:11.523554
619,-2.6500,0,50,0.010000,0.330327,2026-05-24T20:00:13.251623
620,-2.6500,0,50,0.010000,0.330313,2026-05-24T20:00:15.859230
621,-2.6500,0,50,0.010000,0.330300,2026-05-24T20:00:17.591673
622,-2.6500,0,50,0.010000,0.330287,2026-05-24T20:00:19.317197
623,-2.6500,0,50,0.010000,0.336345,2026-05-24T20:00:21.039787
624,-2.6500,0,50,0.010000,0.335567,2026-05-24T20:00:22.779004
625,-2.6500,0,50,0.010000,0.335957,2026-05-24T20:00:24.504537
626,-2.6500,0,50,0.010000,0.330186,2026-05-24T20:00:26.230898
627,-2.6500,0,50,0.010000,0.330175,2026-05-24T20:00:27.960583
628,-2.6500,0,50,0.010000,0.335646,2026-05-24T20:00:29.691890
629,-2.6500,0,50,0.010000,0.330136,2026-05-24T20:00:31.421703
630,-2.6500,0,50,0.010000,0.330125,2026-05-24T20:00:33.149664
631,-2.6500,0,50,0.010000,0.334948,2026-05-24T20:00:34.872536
632,-2.6500,0,50,0.010000,0.330087,2026-05-24T20:00:36.601970
633,-2.6500,0,50,0.010000,0.339653,2026-05-24T20:00:38.326838
634,-2.6500,0,50,0.010000,0.330034,2026-05-24T20:00:40.058999
635,-2.6500,0,50,0.010000,0.330025,2026-05-24T20:00:41.786689
636,-2.6500,0,50,0.010000,0.330016,2026-05-24T20:00:43.510676
637,-2.6500,0,50,0.010000,0.330007,2026-05-24T20:00:45.237026
638,-2.6500,0,50,0.010000,0.329998,2026-05-24T20:00:46.967569
639,-2.6500,0,50,0.010000,0.334562,2026-05-24T20:00:48.693406
640,-2.6500,0,50,0.010000,0.329964,2026-05-24T20:00:50.416908
641,-2.6500,0,50,0.010000,0.329955,2026-05-24T20:00:52.144770
642,-2.6500,0,50,0.010000,0.333529,2026-05-24T20:00:53.875829
643,-2.6500,0,50,0.010000,0.329923,2026-05-24T20:00:55.605961
644,-2.6500,0,50,0.010000,0.329915,2026-05-24T20:00:57.342544
645,-2.6500,0,50,0.010000,0.329908,2026-05-24T20:00:59.065092
646,-2.6500,0,50,0.010000,0.329900,2026-05-24T20:01:00.797760
647,-2.6500,0,50,0.010000,0.329893,2026-05-24T20:01:02.522912
648,-2.6500,0,50,0.010000,0.329886,2026-05-24T20:01:04.251072
649,-2.6500,0,50,0.010000,0.334550,2026-05-24T20:01:05.984570
650,-2.6500,0,50,0.010000,0.329855,2026-05-24T20:01:07.709304
651,-2.6500,0,50,0.010000,0.329849,2026-05-24T20:01:09.438712
652,-2.6500,0,50,0.010000,0.334493,2026-05-24T20:01:11.171463
653,-2.6500,0,50,0.010000,0.333116,2026-05-24T20:01:12.895690
654,-2.6500,0,50,0.010000,0.329796,2026-05-24T20:01:14.621018
655,-2.6500,0,50,0.010000,0.329790,2026-05-24T20:01:16.349245
656,-2.6500,0,50,0.010000,0.329785,2026-05-24T20:01:18.079873
657,-2.6500,0,50,0.010000,0.333530,2026-05-24T20:01:19.811807
658,-2.6500,0,50,0.010000,0.329757,2026-05-24T20:01:21.538067
659,-2.6500,0,50,0.010000,0.329752,2026-05-24T20:01:23.270079
660,-2.6500,0,50,0.010000,0.329747,2026-05-24T20:01:25.000482
661,-2.6500,0,50,0.010000,0.329742,2026-05-24T20:01:26.731566
662,-2.6500,0,50,0.010000,0.329737,2026-05-24T20:01:29.345809
663,-2.6500,0,50,0.010000,0.333816,2026-05-24T20:01:31.075747
664,-2.6500,0,50,0.010000,0.329711,2026-05-24T20:01:32.801009
665,-2.6500,0,50,0.010000,0.329706,2026-05-24T20:01:34.534423
666,-2.6500,0,50,0.010000,0.335745,2026-05-24T20:01:36.257655
667,-2.6500,0,50,0.010000,0.329664,2026-05-24T20:01:37.985500
668,-2.6500,0,50,0.010000,0.329660,2026-05-24T20:01:39.707056
669,-2.6500,0,50,0.010000,0.329656,2026-05-24T20:01:41.432775
670,-2.6500,0,50,0.010000,0.329653,2026-05-24T20:01:43.156144
671,-2.6500,0,50,0.010000,0.329649,2026-05-24T20:01:44.885933
672,-2.6500,0,50,0.010000,0.332127,2026-05-24T20:01:46.610850
673,-2.6500,0,50,0.010000,0.329625,2026-05-24T20:01:48.344725
674,-2.6500,0,50,0.010000,0.331966,2026-05-24T20:01:50.067424
675,-2.6500,0,50,0.010000,0.332082,2026-05-24T20:01:51.802342
676,-2.6500,0,50,0.010000,0.332896,2026-05-24T20:01:53.534819
677,-2.6500,0,50,0.010000,0.332572,2026-05-24T20:01:55.267700
678,-2.6500,0,50,0.010000,0.331587,2026-05-24T20:01:56.994421
679,-2.6500,0,50,0.010000,0.332740,2026-05-24T20:01:58.717766
680,-2.6500,0,50,0.010000,0.329507,2026-05-24T20:02:00.451897
681,-2.6500,0,50,0.010000,0.337368,2026-05-24T20:02:02.176000
682,-2.6500,0,50,0.010000,0.331883,2026-05-24T20:02:03.909245
683,-2.6500,0,50,0.010000,0.329436,2026-05-24T20:02:05.633791
684,-2.6500,0,50,0.010000,0.329436,2026-05-24T20:02:07.371464
685,-2.6500,0,50,0.010000,0.329436,2026-05-24T20:02:09.096800
686,-2.6500,0,50,0.010000,0.329435,2026-05-24T20:02:10.832459
687,-2.6500,0,50,0.010000,0.329435,2026-05-24T20:02:12.556291
688,-2.6500,0,50,0.010000,0.329435,2026-05-24T20:02:14.286573
689,-2.6500,0,50,0.010000,0.329434,2026-05-24T20:02:16.013739
690,-2.6500,0,50,0.010000,0.329434,2026-05-24T20:02:17.659372
691,-2.6500,0,50,0.010000,0.329434,2026-05-24T20:02:19.388101
692,-2.6500,0,50,0.010000,0.329433,2026-05-24T20:02:21.117967
693,-2.6500,0,50,0.010000,0.329433,2026-05-24T20:02:22.845033
694,-2.6500,0,50,0.010000,0.329433,2026-05-24T20:02:24.572397
695,-2.6500,0,50,0.010000,0.329432,2026-05-24T20:02:26.308142
696,-2.6500,0,50,0.010000,0.329432,2026-05-24T20:02:28.036996
697,-2.6500,0,50,0.010000,0.331726,2026-05-24T20:02:29.768035
698,-2.6500,0,50,0.010000,0.329415,2026-05-24T20:02:31.495453
699,-2.6500,0,50,0.010000,0.329415,2026-05-24T20:02:33.227498
700,-2.6500,0,50,0.010000,0.329414,2026-05-24T20:02:34.956648
701,-2.6500,0,50,0.010000,0.329414,2026-05-24T20:02:36.685375
702,-2.6500,0,50,0.010000,0.329414,2026-05-24T20:02:38.420673
703,-2.6500,0,50,0.010000,0.329414,2026-05-24T20:02:40.148156
704,-2.6500,0,50,0.010000,0.329414,2026-05-24T20:02:41.874994
705,-2.6500,0,50,0.010000,0.329414,2026-05-24T20:02:43.601906
706,-2.6500,0,50,0.010000,0.331218,2026-05-24T20:02:45.331230
707,-2.6500,0,50,0.010000,0.329397,2026-05-24T20:02:47.060357
708,-2.6500,0,50,0.010000,0.329398,2026-05-24T20:02:48.787592
709,-2.6500,0,50,0.010000,0.330551,2026-05-24T20:02:50.515396
710,-2.6500,0,50,0.010000,0.329381,2026-05-24T20:02:52.245772
711,-2.6500,0,50,0.010000,0.329382,2026-05-24T20:02:53.977251
712,-2.6500,0,50,0.010000,0.329382,2026-05-24T20:02:55.705728
713,-2.6500,0,50,0.010000,0.329382,2026-05-24T20:02:57.433124
714,-2.6500,0,50,0.010000,0.329383,2026-05-24T20:02:59.161753
715,-2.6500,0,50,0.010000,0.331461,2026-05-24T20:03:00.894178
716,-2.6500,0,50,0.010000,0.329367,2026-05-24T20:03:02.619657
717,-2.6500,0,50,0.010000,0.329368,2026-05-24T20:03:04.344442
718,-2.6500,0,50,0.010000,0.329368,2026-05-24T20:03:06.080313
719,-2.6500,0,50,0.010000,0.329369,2026-05-24T20:03:07.805339
720,-2.6500,0,50,0.010000,0.329370,2026-05-24T20:03:09.540890
721,-2.6500,0,50,0.010000,0.329370,2026-05-24T20:03:11.268149
722,-2.6500,0,50,0.010000,0.329371,2026-05-24T20:03:12.996749
723,-2.6500,0,50,0.010000,0.329371,2026-05-24T20:03:14.724427
724,-2.6500,0,50,0.010000,0.329372,2026-05-24T20:03:16.456931
725,-2.6500,0,50,0.010000,0.329373,2026-05-24T20:03:18.190230
726,-2.6500,0,50,0.010000,0.329373,2026-05-24T20:03:19.918031
727,-2.6500,0,50,0.010000,0.329374,2026-05-24T20:03:21.652833
728,-2.6500,0,50,0.010000,0.330214,2026-05-24T20:03:23.380557
729,-2.6500,0,50,0.010000,0.329358,2026-05-24T20:03:25.107481
730,-2.6500,0,50,0.010000,0.330926,2026-05-24T20:03:26.841261
731,-2.6500,0,50,0.010000,0.329343,2026-05-24T20:03:28.565492
732,-2.6500,0,50,0.010000,0.329344,2026-05-24T20:03:30.290667
733,-2.6500,0,50,0.010000,0.329345,2026-05-24T20:03:32.018253
734,-2.6500,0,50,0.010000,0.329346,2026-05-24T20:03:33.748961
735,-2.6500,0,50,0.010000,0.329347,2026-05-24T20:03:35.480153
736,-2.6500,0,50,0.010000,0.330843,2026-05-24T20:03:37.212626
737,-2.6500,0,50,0.010000,0.329332,2026-05-24T20:03:38.936140
738,-2.6500,0,50,0.010000,0.329333,2026-05-24T20:03:40.665529
739,-2.6500,0,50,0.010000,0.329334,2026-05-24T20:03:42.397605
740,-2.6500,0,50,0.010000,0.329335,2026-05-24T20:03:44.120652
741,-2.6500,0,50,0.010000,0.329336,2026-05-24T20:03:45.857989
742,-2.6500,0,50,0.010000,0.329338,2026-05-24T20:03:47.589092
743,-2.6500,0,50,0.010000,0.329339,2026-05-24T20:03:49.312034
744,-2.6500,0,50,0.010000,0.329340,2026-05-24T20:03:51.036473
745,-2.6500,0,50,0.010000,0.329341,2026-05-24T20:03:52.768067
746,-2.6500,0,50,0.010000,0.329342,2026-05-24T20:03:54.501639
747,-2.6500,0,50,0.010000,0.329343,2026-05-24T20:03:56.234174
748,-2.6500,0,50,0.010000,0.329344,2026-05-24T20:03:57.962107
749,-2.6500,0,50,0.010000,0.330786,2026-05-24T20:03:59.688128
750,-2.6500,0,50,0.010000,0.329329,2026-05-24T20:04:01.414587
751,-2.6500,0,50,0.010000,0.330884,2026-05-24T20:04:03.142534
752,-2.6500,0,50,0.010000,0.330947,2026-05-24T20:04:04.873492
753,-2.6500,0,50,0.010000,0.329283,2026-05-24T20:04:06.604312
754,-2.6500,0,50,0.010000,0.329285,2026-05-24T20:04:08.338731
755,-2.6500,0,50,0.010000,0.329286,2026-05-24T20:04:10.067515
756,-2.6500,0,50,0.010000,0.329288,2026-05-24T20:04:11.795906
757,-2.6500,0,50,0.010000,0.329290,2026-05-24T20:04:13.528670
758,-2.6500,0,50,0.010000,0.329292,2026-05-24T20:04:15.254486
759,-2.6500,0,50,0.010000,0.329294,2026-05-24T20:04:16.984742
760,-2.6500,0,50,0.010000,0.330057,2026-05-24T20:04:18.715192
761,-2.6500,0,50,0.010000,0.329280,2026-05-24T20:04:20.447657
762,-2.6500,0,50,0.010000,0.329282,2026-05-24T20:04:22.181003
763,-2.6500,0,50,0.010000,0.329284,2026-05-24T20:04:23.904586
764,-2.6500,0,50,0.010000,0.329788,2026-05-24T20:04:25.636619
765,-2.6500,0,50,0.010000,0.329271,2026-05-24T20:04:27.368289
766,-2.6500,0,50,0.010000,0.329273,2026-05-24T20:04:29.094100
767,-2.6500,0,50,0.010000,0.331844,2026-05-24T20:04:30.828451
768,-2.6500,0,50,0.010000,0.329244,2026-05-24T20:04:32.557306
769,-2.6500,0,50,0.010000,0.329246,2026-05-24T20:04:34.285485
770,-2.6500,0,50,0.010000,0.329249,2026-05-24T20:04:36.021486
771,-2.6500,0,50,0.010000,0.329651,2026-05-24T20:04:37.746369
772,-2.6500,0,50,0.010000,0.329237,2026-05-24T20:04:39.479610
773,-2.6500,0,50,0.010000,0.330211,2026-05-24T20:04:41.208125
774,-5.5000,0,31,0.010000,0.427029,2026-05-24T20:04:42.292700
775,-2.6500,0,50,0.010000,0.329225,2026-05-24T20:04:44.024413
776,-2.6500,0,50,0.010000,0.329228,2026-05-24T20:04:45.749918
777,-2.6500,0,50,0.010000,0.329230,2026-05-24T20:04:47.479127
778,-2.6500,0,50,0.010000,0.329233,2026-05-24T20:04:49.199800
779,-2.6500,0,50,0.010000,0.329236,2026-05-24T20:04:51.790232
780,-2.6500,0,50,0.010000,0.329238,2026-05-24T20:04:54.382055
781,-2.6500,0,50,0.010000,0.330666,2026-05-24T20:04:56.115005
782,-2.6500,0,50,0.010000,0.329227,2026-05-24T20:04:57.845001
783,-2.6500,0,50,0.010000,0.329229,2026-05-24T20:04:59.569864
784,-2.6500,0,50,0.010000,0.329232,2026-05-24T20:05:01.302446
785,-2.6500,0,50,0.010000,0.329235,2026-05-24T20:05:03.030745
786,-2.6500,0,50,0.010000,0.329237,2026-05-24T20:05:04.760674
787,-2.6500,0,50,0.010000,0.329240,2026-05-24T20:05:06.491501
788,-2.6500,0,50,0.010000,0.329242,2026-05-24T20:05:08.223485
789,-2.6500,0,50,0.010000,0.330430,2026-05-24T20:05:09.956368
790,-2.6500,0,50,0.010000,0.329231,2026-05-24T20:05:11.688879
791,-2.6500,0,50,0.010000,0.329233,2026-05-24T20:05:13.417823
792,-2.6500,0,50,0.010000,0.329236,2026-05-24T20:05:15.149460
793,-2.6500,0,50,0.010000,0.332971,2026-05-24T20:05:16.879114
794,-2.6500,0,50,0.010000,0.329207,2026-05-24T20:05:18.610376
795,-2.6500,0,50,0.010000,0.329210,2026-05-24T20:05:20.339828
796,-2.6500,0,50,0.010000,0.329785,2026-05-24T20:05:22.067183
797,-2.6500,0,50,0.010000,0.329200,2026-05-24T20:05:23.794073
798,-2.6500,0,50,0.010000,0.329203,2026-05-24T20:05:25.523955
799,-2.6500,0,50,0.010000,0.330257,2026-05-24T20:05:27.257543
800,-2.6500,0,50,0.010000,0.329192,2026-05-24T20:05:28.988601
801,-2.6500,0,50,0.010000,0.329195,2026-05-24T20:05:30.715534
802,-2.6500,0,50,0.010000,0.329198,2026-05-24T20:05:32.449958
803,-2.6500,0,50,0.010000,0.329202,2026-05-24T20:05:34.175861
804,-2.6500,0,50,0.010000,0.329205,2026-05-24T20:05:35.910952
805,-2.6500,0,50,0.010000,0.329208,2026-05-24T20:05:37.641763
806,-2.6500,0,50,0.010000,0.329211,2026-05-24T20:05:39.373237
807,-2.6500,0,50,0.010000,0.329214,2026-05-24T20:05:41.102180
808,-2.6500,0,50,0.010000,0.329217,2026-05-24T20:05:42.829476
809,-2.6500,0,50,0.010000,0.329220,2026-05-24T20:05:44.559634
810,-2.6500,0,50,0.010000,0.329628,2026-05-24T20:05:46.286755
811,-2.6500,0,50,0.010000,0.329582,2026-05-24T20:05:48.017378
812,-2.6500,0,50,0.010000,0.329195,2026-05-24T20:05:49.741821
813,-2.6500,0,50,0.010000,0.329479,2026-05-24T20:05:51.472329
814,-2.6500,0,50,0.010000,0.329184,2026-05-24T20:05:53.202026
815,-2.6500,0,50,0.010000,0.329188,2026-05-24T20:05:54.936374
816,-2.6500,0,50,0.010000,0.329191,2026-05-24T20:05:56.658411
817,-2.6500,0,50,0.010000,0.329194,2026-05-24T20:05:58.382044
818,-2.6500,0,50,0.010000,0.329197,2026-05-24T20:06:00.109388
819,-2.6500,0,50,0.010000,0.329201,2026-05-24T20:06:01.831942
820,-2.6500,0,50,0.010000,0.329204,2026-05-24T20:06:03.566988
821,-2.6500,0,50,0.010000,0.329207,2026-05-24T20:06:05.295656
822,-2.6500,0,50,0.010000,0.329210,2026-05-24T20:06:07.025018
823,-2.6500,0,50,0.010000,0.330087,2026-05-24T20:06:08.750805
824,-2.6500,0,50,0.010000,0.329199,2026-05-24T20:06:10.482152
825,-2.6500,0,50,0.010000,0.329202,2026-05-24T20:06:12.216133
826,-2.6500,0,50,0.010000,0.329205,2026-05-24T20:06:13.942020
827,-2.6500,0,50,0.010000,0.329208,2026-05-24T20:06:15.666763
828,-2.6500,0,50,0.010000,0.330307,2026-05-24T20:06:17.398729
829,-2.6500,0,50,0.010000,0.329197,2026-05-24T20:06:19.130235
830,-2.6500,0,50,0.010000,0.329201,2026-05-24T20:06:20.858775
831,-2.6500,0,50,0.010000,0.329204,2026-05-24T20:06:22.591276
832,-2.6500,0,50,0.010000,0.329207,2026-05-24T20:06:24.318583
833,-2.6500,0,50,0.010000,0.329210,2026-05-24T20:06:26.052926
834,-2.6500,0,50,0.010000,0.329213,2026-05-24T20:06:27.782954
835,-2.6500,0,50,0.010000,0.329216,2026-05-24T20:06:29.507372
836,-2.6500,0,50,0.010000,0.329219,2026-05-24T20:06:31.240264
837,-2.6500,0,50,0.010000,0.329659,2026-05-24T20:06:32.968114
838,-2.6500,0,50,0.010000,0.329207,2026-05-24T20:06:34.695974
839,-2.6500,0,50,0.010000,0.329211,2026-05-24T20:06:36.422243
840,-2.6500,0,50,0.010000,0.330044,2026-05-24T20:06:38.152811
841,-2.6500,0,50,0.010000,0.332376,2026-05-24T20:06:39.879914
842,-2.6500,0,50,0.010000,0.329250,2026-05-24T20:06:41.609211
843,-2.6500,0,50,0.010000,0.329253,2026-05-24T20:06:43.344185
844,-2.6500,0,50,0.010000,0.329255,2026-05-24T20:06:45.074769
845,-2.6500,0,50,0.010000,0.329257,2026-05-24T20:06:46.809737
846,-2.6500,0,50,0.010000,0.329260,2026-05-24T20:06:48.533277
847,-2.6500,0,50,0.010000,0.329262,2026-05-24T20:06:50.264738
848,-2.6500,0,50,0.010000,0.329264,2026-05-24T20:06:51.998778
849,-2.6500,0,50,0.010000,0.329638,2026-05-24T20:06:53.729331
850,-2.6500,0,50,0.010000,0.330756,2026-05-24T20:06:55.452162
851,-2.6500,0,50,0.010000,0.329237,2026-05-24T20:06:57.181528
852,-2.6500,0,50,0.010000,0.329240,2026-05-24T20:06:58.909834
853,-2.6500,0,50,0.010000,0.331510,2026-05-24T20:07:01.244684
854,-3.1000,0,47,0.010000,0.339895,2026-05-24T20:07:02.864786
855,-2.6500,0,50,0.010000,0.329230,2026-05-24T20:07:04.592820
856,-2.6500,0,50,0.010000,0.329233,2026-05-24T20:07:06.317253
857,-2.6500,0,50,0.010000,0.329299,2026-05-24T20:07:08.050310
858,-5.5000,0,31,0.010000,0.427013,2026-05-24T20:07:09.129863
859,-2.6500,0,50,0.010000,0.330482,2026-05-24T20:07:10.859674
860,-2.6500,0,50,0.010000,0.329207,2026-05-24T20:07:12.588495
861,-2.6500,0,50,0.010000,0.329211,2026-05-24T20:07:14.316726
862,-2.6500,0,50,0.010000,0.330645,2026-05-24T20:07:16.050229
863,-2.6500,0,50,0.010000,0.329200,2026-05-24T20:07:17.778268
864,-2.6500,0,50,0.010000,0.329203,2026-05-24T20:07:19.500513
865,-2.6500,0,50,0.010000,0.329206,2026-05-24T20:07:21.225397
866,-2.6500,0,50,0.010000,0.329209,2026-05-24T20:07:22.952615
867,-2.6500,0,50,0.010000,0.329212,2026-05-24T20:07:24.680773
868,-2.6500,0,50,0.010000,0.329215,2026-05-24T20:07:26.412460
869,-2.6500,0,50,0.010000,0.329218,2026-05-24T20:07:28.144646
870,-2.6500,0,50,0.010000,0.330418,2026-05-24T20:07:29.874519
871,-2.6500,0,50,0.010000,0.329207,2026-05-24T20:07:31.608986
872,-2.6500,0,50,0.010000,0.329210,2026-05-24T20:07:33.338454
873,-2.6500,0,50,0.010000,0.329213,2026-05-24T20:07:35.072566
874,-2.6500,0,50,0.010000,0.329216,2026-05-24T20:07:36.806588
875,-2.6500,0,50,0.010000,0.332562,2026-05-24T20:07:38.534441
876,-2.6500,0,50,0.010000,0.329188,2026-05-24T20:07:40.263820
877,-2.6500,0,50,0.010000,0.329191,2026-05-24T20:07:41.997600
878,-2.6500,0,50,0.010000,0.329692,2026-05-24T20:07:43.728018
879,-2.6500,0,50,0.010000,0.329181,2026-05-24T20:07:45.457772
880,-2.6500,0,50,0.010000,0.329790,2026-05-24T20:07:47.185271
881,-2.6500,0,50,0.010000,0.329171,2026-05-24T20:07:48.915929
882,-2.6500,0,50,0.010000,0.329174,2026-05-24T20:07:50.646497
883,-2.6500,0,50,0.010000,0.329178,2026-05-24T20:07:52.379210
884,-2.6500,0,50,0.010000,0.329181,2026-05-24T20:07:54.105285
885,-2.6500,0,50,0.010000,0.329185,2026-05-24T20:07:55.837964
886,-2.6500,0,50,0.010000,0.329188,2026-05-24T20:07:57.570448
887,-2.6500,0,50,0.010000,0.329191,2026-05-24T20:07:59.296099
888,-2.6500,0,50,0.010000,0.329195,2026-05-24T20:08:01.033111
889,-2.6500,0,50,0.010000,0.329198,2026-05-24T20:08:02.767311
890,-2.6500,0,50,0.010000,0.329201,2026-05-24T20:08:04.492772
891,-2.6500,0,50,0.010000,0.329204,2026-05-24T20:08:06.219263
892,-2.6500,0,50,0.010000,0.329207,2026-05-24T20:08:07.950766
893,-2.6500,0,50,0.010000,0.329210,2026-05-24T20:08:09.685840
894,-2.6500,0,50,0.010000,0.329213,2026-05-24T20:08:11.420402
895,-2.6500,0,50,0.010000,0.330045,2026-05-24T20:08:13.151186
896,-2.6500,0,50,0.010000,0.329202,2026-05-24T20:08:14.886345
897,-2.6500,0,50,0.010000,0.329504,2026-05-24T20:08:16.607076
898,-2.6500,0,50,0.010000,0.329192,2026-05-24T20:08:18.342363
899,-2.6500,0,50,0.010000,0.329195,2026-05-24T20:08:20.074047
900,-2.6500,0,50,0.010000,0.330179,2026-05-24T20:08:21.803493
901,-2.6500,0,50,0.010000,0.329184,2026-05-24T20:08:23.525274
902,-2.6500,0,50,0.010000,0.329188,2026-05-24T20:08:25.259854
903,-2.6500,0,50,0.010000,0.329191,2026-05-24T20:08:26.989592
904,-2.6500,0,50,0.010000,0.329194,2026-05-24T20:08:28.715483
905,-2.6500,0,50,0.010000,0.329198,2026-05-24T20:08:30.450609
906,-2.6500,0,50,0.010000,0.330010,2026-05-24T20:08:32.178341
907,-2.6500,0,50,0.010000,0.329187,2026-05-24T20:08:33.911016
908,-2.6500,0,50,0.010000,0.331306,2026-05-24T20:08:35.637959
909,-5.5000,0,31,0.010000,0.426926,2026-05-24T20:08:36.721890
910,-2.6500,0,50,0.010000,0.329160,2026-05-24T20:08:38.453015
911,-2.6500,0,50,0.010000,0.329164,2026-05-24T20:08:40.182134
912,-2.6500,0,50,0.010000,0.329167,2026-05-24T20:08:41.913377
913,-2.6500,0,50,0.010000,0.329171,2026-05-24T20:08:43.647494
914,-2.6500,0,50,0.010000,0.329175,2026-05-24T20:08:45.374661
915,-2.6500,0,50,0.010000,0.329178,2026-05-24T20:08:47.108144
916,-2.6500,0,50,0.010000,0.331280,2026-05-24T20:08:48.836991
917,-2.6500,0,50,0.010000,0.329168,2026-05-24T20:08:50.564729
918,-2.6500,0,50,0.010000,0.329172,2026-05-24T20:08:52.296223
919,-2.6500,0,50,0.010000,0.329175,2026-05-24T20:08:54.028074
920,-2.6500,0,50,0.010000,0.329179,2026-05-24T20:08:55.756479
921,-2.6500,0,50,0.010000,0.329182,2026-05-24T20:08:57.485878
922,-2.6500,0,50,0.010000,0.329186,2026-05-24T20:08:59.765455
923,-2.6500,0,50,0.010000,0.329189,2026-05-24T20:09:01.486166
924,-2.6500,0,50,0.010000,0.330324,2026-05-24T20:09:03.211368
925,-2.6500,0,50,0.010000,0.330472,2026-05-24T20:09:04.946125
926,-2.6500,0,50,0.010000,0.330052,2026-05-24T20:09:06.674394
927,-2.6500,0,50,0.010000,0.329152,2026-05-24T20:09:08.398812
928,-2.6500,0,50,0.010000,0.329156,2026-05-24T20:09:10.133473
929,-2.6500,0,50,0.010000,0.329826,2026-05-24T20:09:11.857497
930,-2.6500,0,50,0.010000,0.329147,2026-05-24T20:09:13.588379
931,-2.6500,0,50,0.010000,0.329151,2026-05-24T20:09:15.306156
932,-2.6500,0,50,0.010000,0.329154,2026-05-24T20:09:17.039915
933,-2.6500,0,50,0.010000,0.329158,2026-05-24T20:09:18.765986
934,-2.6500,0,50,0.010000,0.329162,2026-05-24T20:09:20.492697
935,-2.6500,0,50,0.010000,0.332981,2026-05-24T20:09:22.220182
936,-2.6500,0,50,0.010000,0.329119,2026-05-24T20:09:23.947453
937,-2.6500,0,50,0.010000,0.330504,2026-05-24T20:09:25.678948
938,-2.6500,0,50,0.010000,0.329111,2026-05-24T20:09:27.404949
939,-2.6500,0,50,0.010000,0.329115,2026-05-24T20:09:29.127715
940,-2.6500,0,50,0.010000,0.329119,2026-05-24T20:09:30.856031
941,-2.6500,0,50,0.010000,0.329124,2026-05-24T20:09:32.581895
942,-2.6500,0,50,0.010000,0.329128,2026-05-24T20:09:34.306731
943,-2.6500,0,50,0.010000,0.329132,2026-05-24T20:09:36.043903
944,-2.6500,0,50,0.010000,0.329136,2026-05-24T20:09:37.771964
945,-2.6500,0,50,0.010000,0.329874,2026-05-24T20:09:39.504730
946,-2.6500,0,50,0.010000,0.329128,2026-05-24T20:09:41.234875
947,-2.6500,0,50,0.010000,0.329132,2026-05-24T20:09:42.962820
948,-2.6500,0,50,0.010000,0.330662,2026-05-24T20:09:44.688610
949,-5.5000,0,31,0.010000,0.426832,2026-05-24T20:09:45.777164
950,-2.6500,0,50,0.010000,0.329106,2026-05-24T20:09:47.505740
951,-2.6500,0,50,0.010000,0.329111,2026-05-24T20:09:49.233698
952,-2.6500,0,50,0.010000,0.329115,2026-05-24T20:09:50.963838
953,-2.6500,0,50,0.010000,0.329120,2026-05-24T20:09:52.691283
954,-2.6500,0,50,0.010000,0.329124,2026-05-24T20:09:54.415588
955,-2.6500,0,50,0.010000,0.329938,2026-05-24T20:09:56.145902
956,-2.6500,0,50,0.010000,0.329116,2026-05-24T20:09:58.770092
957,-2.6500,0,50,0.010000,0.329120,2026-05-24T20:10:00.497182
958,-2.6500,0,50,0.010000,0.329124,2026-05-24T20:10:02.217520
959,-2.6500,0,50,0.010000,0.329129,2026-05-24T20:10:03.949565
960,-2.6500,0,50,0.010000,0.329133,2026-05-24T20:10:05.676144
961,-2.6500,0,50,0.010000,0.330755,2026-05-24T20:10:07.405718
962,-2.6500,0,50,0.010000,0.329124,2026-05-24T20:10:09.136396
963,-2.6500,0,50,0.010000,0.329129,2026-05-24T20:10:10.866616
964,-2.6500,0,50,0.010000,0.329133,2026-05-24T20:10:12.597683
965,-2.6500,0,50,0.010000,0.329137,2026-05-24T20:10:15.202468
966,-2.6500,0,50,0.010000,0.329950,2026-05-24T20:10:16.941238
967,-2.6500,0,50,0.010000,0.329128,2026-05-24T20:10:18.670343
968,-2.6500,0,50,0.010000,0.329132,2026-05-24T20:10:20.397313
969,-2.6500,0,50,0.010000,0.329136,2026-05-24T20:10:22.130404
970,-2.6500,0,50,0.010000,0.331206,2026-05-24T20:10:23.851539
971,-2.6500,0,50,0.010000,0.329128,2026-05-24T20:10:25.587870
972,-2.6500,0,50,0.010000,0.329132,2026-05-24T20:10:27.318005
973,-2.6500,0,50,0.010000,0.329136,2026-05-24T20:10:29.046831
974,-2.6500,0,50,0.010000,0.329951,2026-05-24T20:10:30.783399
975,-2.6500,0,50,0.010000,0.329127,2026-05-24T20:10:32.510292
976,-2.6500,0,50,0.010000,0.329132,2026-05-24T20:10:34.244459
977,-2.6500,0,50,0.010000,0.330962,2026-05-24T20:10:35.976021
978,-2.6500,0,50,0.010000,0.329123,2026-05-24T20:10:37.702124
979,-2.6500,0,50,0.010000,0.327170,2026-05-24T20:10:39.430871
980,-2.6500,0,50,0.010000,0.329963,2026-05-24T20:10:41.168371
981,-2.6500,0,50,0.010000,0.329954,2026-05-24T20:10:42.900242
982,-2.6500,0,50,0.010000,0.329946,2026-05-24T20:10:44.627057
983,-2.6500,0,50,0.010000,0.329938,2026-05-24T20:10:46.357351
984,-2.6500,0,50,0.010000,0.329931,2026-05-24T20:10:48.090078
985,-2.6500,0,50,0.010000,0.329923,2026-05-24T20:10:49.822948
986,-2.6500,0,50,0.010000,0.329915,2026-05-24T20:10:51.550991
987,-2.6500,0,50,0.010000,0.329908,2026-05-24T20:10:53.281186
988,-2.6500,0,50,0.010000,0.329900,2026-05-24T20:10:55.012716
989,-2.6500,0,50,0.010000,0.329893,2026-05-24T20:10:56.744125
990,-2.6500,0,50,0.010000,0.329886,2026-05-24T20:10:58.470754
991,-2.6500,0,50,0.010000,0.329879,2026-05-24T20:11:00.194570
992,-2.6500,0,50,0.010000,0.329872,2026-05-24T20:11:01.925892
993,-2.6500,0,50,0.010000,0.329865,2026-05-24T20:11:03.653260
994,-2.6500,0,50,0.010000,0.329858,2026-05-24T20:11:05.381048
995,-2.6500,0,50,0.010000,0.333628,2026-05-24T20:11:07.107699
996,-2.6500,0,50,0.010000,0.329829,2026-05-24T20:11:08.838441
997,-2.6500,0,50,0.010000,0.329822,2026-05-24T20:11:10.566119
998,-2.6500,0,50,0.010000,0.329816,2026-05-24T20:11:12.297087
999,-2.6500,0,50,0.010000,0.329810,2026-05-24T20:11:14.026111
1000,-2.6500,0,50,0.010000,0.329804,2026-05-24T20:11:15.753698
